BOOKING_Ref,MEMBER_ID,SESSION_ID,BOOKING_Date,BOOKING_Time,BOOKING_Status
GYM202501000,2304,2468,2025-09-14,14:50:05,Attended
GYM202501001,2305,2464,2025-09-14,18:36:57,Attended
GYM202501002,2305,2496,2025-09-15,9:10:07,Attended
GYM202501003,2304,2478,2025-09-15,13:07:50,Attended
GYM202501004,2304,2500,2025-09-15,13:12:55,Attended
GYM202501005,2304,2560,2025-09-16,10:10:35,Attended
GYM202501006,2305,2579,2025-09-16,10:42:45,Deleted
GYM202501007,2306,2468,2025-09-16,12:34:15,Attended
GYM202501008,2312,2464,2025-09-17,16:30:11,Attended
GYM202501009,2304,2569,2025-09-17,17:20:12,Attended
GYM202501010,2307,2464,2025-09-17,20:41:40,Attended
GYM202501011,2306,2485,2025-09-18,12:50:37,Attended
GYM202501012,2308,2464,2025-09-18,20:40:02,Attended
GYM202501013,2313,2485,2025-09-19,8:12:23,Attended
GYM202501014,2310,2464,2025-09-19,13:07:50,Attended
GYM202501015,2306,2500,2025-09-19,14:21:49,Attended
GYM202501016,2309,2464,2025-09-20,10:20:57,Attended
GYM202501017,2307,2513,2025-09-20,16:58:10,Attended
GYM202501018,2326,2532,2025-09-21,8:18:42,Attended
GYM202501019,2322,2532,2025-09-21,10:22:52,Attended
GYM202501020,2323,2532,2025-09-21,10:28:53,Attended
GYM202501021,2310,2541,2025-09-21,13:12:55,Deleted
GYM202501022,2331,2532,2025-09-21,15:38:36,Attended
GYM202501023,2308,2552,2025-09-22,8:26:41,No-Show
GYM202501024,2321,2533,2025-09-22,13:34:20,Attended
GYM202501025,2324,2532,2025-09-22,14:35:44,Attended
GYM202501026,2309,2533,2025-09-22,14:38:40,Attended
GYM202501027,2331,2533,2025-09-22,16:48:58,Attended
GYM202501028,2329,2533,2025-09-23,16:04:00,Attended
GYM202501029,2308,2515,2025-09-23,19:53:06,Attended
GYM202501030,2328,2532,2025-09-24,9:21:52,Attended
GYM202501031,2329,2566,2025-09-24,17:48:41,Attended
GYM202501032,2308,2541,2025-09-24,20:15:49,Attended
GYM202501033,2320,2569,2025-09-25,10:02:52,Attended
GYM202501034,2309,2552,2025-09-25,11:50:52,Attended
GYM202501035,2322,2566,2025-09-25,12:12:33,Attended
GYM202501036,2322,2569,2025-09-25,12:25:27,Attended
GYM202501037,2323,2574,2025-09-25,12:57:05,Attended
GYM202501038,2310,2574,2025-09-25,13:22:43,Attended
GYM202501039,2309,2574,2025-09-25,22:34:45,Attended
GYM202501040,2313,2560,2025-09-26,8:58:32,Attended
GYM202501041,2308,2560,2025-09-26,9:09:26,No-Show
GYM202501042,2313,2592,2025-09-26,10:03:47,Attended
GYM202501043,2314,2574,2025-09-26,10:43:39,Attended
GYM202501044,2319,2593,2025-09-26,12:07:27,Attended
GYM202501045,2315,2569,2025-09-26,12:08:45,Attended
GYM202501046,2318,2569,2025-09-26,13:55:47,Attended
GYM202501047,2316,2579,2025-09-26,16:15:22,Attended
GYM202501048,2316,2590,2025-09-26,17:41:42,Attended
GYM202501049,2330,2603,2025-09-27,9:20:01,Booked
GYM202501050,2328,2565,2025-09-27,9:57:44,Attended
GYM202501051,2313,2569,2025-09-27,10:00:13,Attended
GYM202501052,2328,2566,2025-09-27,10:05:52,Deleted
GYM202501053,2320,2592,2025-09-27,10:29:18,Attended
GYM202501054,2314,2593,2025-09-27,10:59:23,Attended
GYM202501055,2319,2579,2025-09-27,11:52:50,Attended
GYM202501056,2322,2597,2025-09-27,12:48:17,Booked
GYM202501057,2315,2607,2025-09-27,14:08:00,Booked
GYM202501058,2319,2606,2025-09-27,14:12:11,Booked
GYM202501059,2310,2590,2025-09-27,15:13:16,Attended
GYM202501060,2322,2607,2025-09-27,16:14:54,Booked
GYM202501061,2327,2603,2025-09-27,16:35:59,Booked
GYM202501062,2329,2565,2025-09-27,17:08:54,Attended
GYM202501063,2331,2566,2025-09-27,17:11:43,Attended
GYM202501064,2316,2605,2025-09-27,18:40:17,Booked
GYM202501065,2306,2579,2025-09-27,20:35:34,Attended
GYM202501066,2323,2625,2025-09-28,9:43:46,Booked
GYM202501067,2308,2574,2025-09-28,9:48:08,No-Show
GYM202501068,2313,2607,2025-09-28,10:18:16,Booked
GYM202501069,2317,2592,2025-09-28,11:00:01,Attended
GYM202501070,2314,2603,2025-09-28,11:01:01,Booked
GYM202501071,2315,2592,2025-09-28,12:29:28,Attended
GYM202501072,2321,2605,2025-09-28,14:47:29,Deleted
GYM202501073,2312,2574,2025-09-28,16:47:41,Attended
GYM202501074,2312,2579,2025-09-28,16:47:41,Attended
GYM202501075,2312,2590,2025-09-28,16:47:41,Attended
GYM202501076,2312,2593,2025-09-28,16:47:41,Attended
GYM202501077,2318,2597,2025-09-28,17:03:10,Booked
GYM202501078,2307,2579,2025-09-28,19:11:41,No-Show
GYM202501079,2323,2611,2025-09-28,19:33:13,Booked
GYM202501080,2316,2625,2025-09-28,20:17:26,Booked
GYM202501081,2326,2629,2025-09-29,8:20:09,Booked
GYM202501082,2317,2633,2025-09-29,11:20:50,Booked
GYM202501083,2320,2636,2025-09-29,11:43:39,Booked
GYM202501084,2325,2603,2025-09-29,13:15:32,Booked
GYM202501085,2330,2606,2025-09-29,13:17:21,Booked
GYM202501086,2310,2603,2025-09-29,15:41:20,Booked
GYM202501087,2323,2593,2025-09-29,17:13:18,Attended
GYM202501088,2329,2630,2025-09-29,19:17:33,Booked
GYM202501089,2332,2603,2025-09-30,9:40:28,Booked
GYM202501090,2328,2629,2025-09-30,10:41:39,Booked
GYM202501091,2331,2629,2025-09-30,11:55:13,Booked
GYM202501092,2331,2630,2025-09-30,12:14:05,Booked
GYM202501093,2330,2643,2025-09-30,15:00:04,Booked
GYM202501094,2321,2622,2025-09-30,16:21:55,Booked
GYM202501095,2327,2643,2025-09-30,18:21:21,Booked
GYM202501096,2324,2636,2025-09-30,20:32:34,Booked
GYM202501097,2323,2643,2025-10-01,10:46:50,Booked
GYM202501098,2328,2636,2025-10-01,12:28:46,Booked
GYM202501099,2315,2656,2025-10-01,14:27:08,Booked
GYM202501100,2324,2629,2025-10-01,15:53:03,Booked
GYM202501101,2319,2622,2025-10-01,16:40:54,Booked
GYM202501102,2319,2643,2025-10-01,16:54:44,Booked
GYM202501103,2319,2658,2025-10-01,17:20:34,Booked
GYM202501104,2322,2636,2025-10-01,17:35:09,Booked
GYM202501105,2321,2643,2025-10-01,18:04:24,Booked
GYM202501106,2318,2636,2025-10-01,19:47:38,Booked
GYM202501107,2324,2666,2025-10-02,8:41:17,Deleted
GYM202501108,2316,2665,2025-10-02,9:52:22,Booked
GYM202501109,2326,2666,2025-10-02,10:33:30,Booked
GYM202501110,2323,2658,2025-10-02,12:42:04,Booked
GYM202501111,2323,2665,2025-10-02,13:31:30,Booked
GYM202501112,2315,2636,2025-10-02,14:14:29,Booked
GYM202501113,2325,2643,2025-10-02,14:58:23,Booked
GYM202501114,2321,2665,2025-10-02,19:17:58,Booked
GYM202501115,2316,2640,2025-10-02,20:29:06,Booked
GYM202501116,2316,2678,2025-10-03,10:04:51,Booked
GYM202501117,2320,2656,2025-10-03,12:09:04,Booked
GYM202501118,2330,2658,2025-10-03,15:34:02,Booked
GYM202501119,2319,2665,2025-10-03,18:11:40,Booked
GYM202501120,2321,2658,2025-10-03,18:17:20,Booked
GYM202501121,2327,2658,2025-10-03,18:49:24,Deleted
GYM202501122,2327,2678,2025-10-03,19:11:21,Booked
GYM202501123,2329,2666,2025-10-03,20:01:38,Booked
GYM202501124,2318,2656,2025-10-03,20:38:11,Booked
GYM202501125,2332,2678,2025-10-04,10:22:39,Booked
GYM202501126,2320,2693,2025-10-04,13:03:54,Booked
GYM202501127,2317,2692,2025-10-04,13:05:02,Booked
GYM202501128,2315,2692,2025-10-04,14:29:08,Booked
GYM202501129,2322,2656,2025-10-04,20:08:28,Booked
GYM202501130,2328,2666,2025-10-05,12:58:05,Booked
GYM202501131,2328,2693,2025-10-05,13:00:30,Booked
GYM202501132,2323,2678,2025-10-05,14:12:29,Booked
GYM202501133,2331,2666,2025-10-05,17:23:33,Booked
GYM202501134,2325,2678,2025-10-05,19:17:14,Booked
GYM202501135,2322,2692,2025-10-06,8:24:36,Booked
GYM202501136,2322,2729,2025-10-06,9:59:19,Booked
GYM202501137,2324,2693,2025-10-06,10:13:34,Deleted
GYM202501138,2331,2715,2025-10-06,18:58:34,Booked
GYM202501139,2321,2678,2025-10-06,19:26:40,Booked
GYM202501140,2318,2693,2025-10-07,8:25:39,Booked
GYM202501141,2321,2715,2025-10-07,8:58:00,Booked
GYM202501142,2329,2729,2025-10-07,20:13:30,Booked
GYM202501143,2322,2715,2025-10-08,9:00:49,Booked
GYM202501144,2324,2729,2025-10-08,12:11:28,Booked
GYM202501145,2332,2715,2025-10-08,13:18:08,Booked
GYM202501146,2328,2729,2025-10-08,16:03:17,Booked
GYM202501147,2325,2715,2025-10-08,19:53:30,Booked
GYM202501148,2326,2729,2025-10-09,14:12:46,Booked
GYM202501149,2331,2729,2025-10-09,19:25:12,Deleted
