SESSION_ID,SESSION_Date,SESSION_Time,SESSION_Capacity
2462,2025-09-22,6:00:00,6
2463,2025-09-22,7:00:00,6
2464,2025-09-22,8:00:00,6
2465,2025-09-22,9:00:00,6
2466,2025-09-22,10:00:00,6
2467,2025-09-22,11:00:00,6
2468,2025-09-22,12:00:00,6
2469,2025-09-22,13:00:00,6
2470,2025-09-22,14:00:00,6
2471,2025-09-22,15:00:00,6
2472,2025-09-22,16:00:00,6
2473,2025-09-22,17:00:00,6
2474,2025-09-22,18:00:00,6
2475,2025-09-22,19:00:00,6
2476,2025-09-22,20:00:00,6
2477,2025-09-22,21:00:00,6
2478,2025-09-23,6:00:00,6
2479,2025-09-23,7:00:00,6
2480,2025-09-23,8:00:00,6
2481,2025-09-23,9:00:00,6
2482,2025-09-23,10:00:00,6
2483,2025-09-23,11:00:00,6
2484,2025-09-23,12:00:00,6
2485,2025-09-23,13:00:00,6
2486,2025-09-23,14:00:00,6
2487,2025-09-23,15:00:00,6
2488,2025-09-23,16:00:00,6
2489,2025-09-23,17:00:00,6
2490,2025-09-23,18:00:00,6
2491,2025-09-23,19:00:00,6
2492,2025-09-23,20:00:00,6
2493,2025-09-23,21:00:00,6
2494,2025-09-24,6:00:00,6
2495,2025-09-24,7:00:00,6
2496,2025-09-24,8:00:00,6
2497,2025-09-24,9:00:00,6
2498,2025-09-24,10:00:00,6
2499,2025-09-24,11:00:00,6
2500,2025-09-24,12:00:00,6
2501,2025-09-24,13:00:00,6
2502,2025-09-24,14:00:00,6
2503,2025-09-24,15:00:00,6
2504,2025-09-24,16:00:00,6
2505,2025-09-24,17:00:00,6
2506,2025-09-24,18:00:00,6
2507,2025-09-24,19:00:00,6
2508,2025-09-24,20:00:00,6
2509,2025-09-24,21:00:00,6
2510,2025-09-25,6:00:00,6
2511,2025-09-25,7:00:00,6
2512,2025-09-25,8:00:00,6
2513,2025-09-25,9:00:00,6
2514,2025-09-25,10:00:00,6
2515,2025-09-25,11:00:00,6
2516,2025-09-25,12:00:00,6
2517,2025-09-25,13:00:00,6
2518,2025-09-25,14:00:00,6
2519,2025-09-25,15:00:00,6
2520,2025-09-25,16:00:00,6
2521,2025-09-25,17:00:00,6
2522,2025-09-25,18:00:00,6
2523,2025-09-25,19:00:00,6
2524,2025-09-25,20:00:00,6
2525,2025-09-25,21:00:00,6
2526,2025-09-26,6:00:00,6
2527,2025-09-26,7:00:00,6
2528,2025-09-26,8:00:00,6
2529,2025-09-26,9:00:00,6
2530,2025-09-26,10:00:00,6
2531,2025-09-26,11:00:00,6
2532,2025-09-26,12:00:00,6
2533,2025-09-26,13:00:00,6
2534,2025-09-26,14:00:00,6
2535,2025-09-26,15:00:00,6
2536,2025-09-26,16:00:00,6
2537,2025-09-26,17:00:00,6
2538,2025-09-26,18:00:00,6
2539,2025-09-26,19:00:00,6
2540,2025-09-26,20:00:00,6
2541,2025-09-26,21:00:00,6
2542,2025-09-27,7:00:00,6
2543,2025-09-27,8:00:00,6
2544,2025-09-27,9:00:00,6
2545,2025-09-27,10:00:00,6
2546,2025-09-27,11:00:00,6
2547,2025-09-27,12:00:00,6
2548,2025-09-27,13:00:00,6
2549,2025-09-27,14:00:00,6
2550,2025-09-27,15:00:00,6
2551,2025-09-27,16:00:00,6
2552,2025-09-27,17:00:00,6
2553,2025-09-29,6:00:00,6
2554,2025-09-29,7:00:00,6
2555,2025-09-29,8:00:00,6
2556,2025-09-29,9:00:00,6
2557,2025-09-29,10:00:00,6
2558,2025-09-29,11:00:00,6
2559,2025-09-29,12:00:00,6
2560,2025-09-29,13:00:00,6
2561,2025-09-29,14:00:00,6
2562,2025-09-29,15:00:00,6
2563,2025-09-29,16:00:00,6
2564,2025-09-29,17:00:00,6
2565,2025-09-29,18:00:00,6
2566,2025-09-29,19:00:00,6
2567,2025-09-29,20:00:00,6
2568,2025-09-29,21:00:00,6
2569,2025-09-30,6:00:00,6
2570,2025-09-30,7:00:00,6
2571,2025-09-30,8:00:00,6
2572,2025-09-30,9:00:00,6
2573,2025-09-30,10:00:00,6
2574,2025-09-30,11:00:00,6
2575,2025-09-30,12:00:00,6
2576,2025-09-30,13:00:00,6
2577,2025-09-30,14:00:00,6
2578,2025-09-30,15:00:00,6
2579,2025-09-30,16:00:00,6
2580,2025-09-30,17:00:00,6
2581,2025-09-30,18:00:00,6
2582,2025-09-30,19:00:00,6
2583,2025-09-30,20:00:00,6
2584,2025-09-30,21:00:00,6
2585,2025-10-01,6:00:00,6
2586,2025-10-01,7:00:00,6
2587,2025-10-01,8:00:00,6
2588,2025-10-01,9:00:00,6
2589,2025-10-01,10:00:00,6
2590,2025-10-01,11:00:00,6
2591,2025-10-01,12:00:00,6
2592,2025-10-01,13:00:00,6
2593,2025-10-01,14:00:00,6
2594,2025-10-01,15:00:00,6
2595,2025-10-01,16:00:00,6
2596,2025-10-01,17:00:00,6
2597,2025-10-01,18:00:00,6
2598,2025-10-01,19:00:00,6
2599,2025-10-01,20:00:00,6
2600,2025-10-01,21:00:00,6
2601,2025-10-02,6:00:00,6
2602,2025-10-02,7:00:00,6
2603,2025-10-02,8:00:00,6
2604,2025-10-02,9:00:00,6
2605,2025-10-02,10:00:00,6
2606,2025-10-02,11:00:00,6
2607,2025-10-02,12:00:00,6
2608,2025-10-02,13:00:00,6
2609,2025-10-02,14:00:00,6
2610,2025-10-02,15:00:00,6
2611,2025-10-02,16:00:00,6
2612,2025-10-02,17:00:00,6
2613,2025-10-02,18:00:00,6
2614,2025-10-02,19:00:00,6
2615,2025-10-02,20:00:00,6
2616,2025-10-02,21:00:00,6
2617,2025-10-03,6:00:00,6
2618,2025-10-03,7:00:00,6
2619,2025-10-03,8:00:00,6
2620,2025-10-03,9:00:00,6
2621,2025-10-03,10:00:00,6
2622,2025-10-03,11:00:00,6
2623,2025-10-03,12:00:00,6
2624,2025-10-03,13:00:00,6
2625,2025-10-03,14:00:00,6
2626,2025-10-03,15:00:00,6
2627,2025-10-03,16:00:00,6
2628,2025-10-03,17:00:00,6
2629,2025-10-03,18:00:00,6
2630,2025-10-03,19:00:00,6
2631,2025-10-03,20:00:00,6
2632,2025-10-03,21:00:00,6
2633,2025-10-04,7:00:00,6
2634,2025-10-04,8:00:00,6
2635,2025-10-04,9:00:00,6
2636,2025-10-04,10:00:00,6
2637,2025-10-04,11:00:00,6
2638,2025-10-04,12:00:00,6
2639,2025-10-04,13:00:00,6
2640,2025-10-04,14:00:00,6
2641,2025-10-04,15:00:00,6
2642,2025-10-04,16:00:00,6
2643,2025-10-04,17:00:00,6
2644,2025-10-06,6:00:00,6
2645,2025-10-06,7:00:00,6
2646,2025-10-06,8:00:00,6
2647,2025-10-06,9:00:00,6
2648,2025-10-06,10:00:00,6
2649,2025-10-06,11:00:00,6
2650,2025-10-06,12:00:00,6
2651,2025-10-06,13:00:00,6
2652,2025-10-06,14:00:00,6
2653,2025-10-06,15:00:00,6
2654,2025-10-06,16:00:00,6
2655,2025-10-06,17:00:00,6
2656,2025-10-06,18:00:00,6
2657,2025-10-06,19:00:00,6
2658,2025-10-06,20:00:00,6
2659,2025-10-06,21:00:00,6
2660,2025-10-07,6:00:00,6
2661,2025-10-07,7:00:00,6
2662,2025-10-07,8:00:00,6
2663,2025-10-07,9:00:00,6
2664,2025-10-07,10:00:00,6
2665,2025-10-07,11:00:00,6
2666,2025-10-07,12:00:00,6
2667,2025-10-07,13:00:00,6
2668,2025-10-07,14:00:00,6
2669,2025-10-07,15:00:00,6
2670,2025-10-07,16:00:00,6
2671,2025-10-07,17:00:00,6
2672,2025-10-07,18:00:00,6
2673,2025-10-07,19:00:00,6
2674,2025-10-07,20:00:00,6
2675,2025-10-07,21:00:00,6
2676,2025-10-08,6:00:00,6
2677,2025-10-08,7:00:00,6
2678,2025-10-08,8:00:00,6
2679,2025-10-08,9:00:00,6
2680,2025-10-08,10:00:00,6
2681,2025-10-08,11:00:00,6
2682,2025-10-08,12:00:00,6
2683,2025-10-08,13:00:00,6
2684,2025-10-08,14:00:00,6
2685,2025-10-08,15:00:00,6
2686,2025-10-08,16:00:00,6
2687,2025-10-08,17:00:00,6
2688,2025-10-08,18:00:00,6
2689,2025-10-08,19:00:00,6
2690,2025-10-08,20:00:00,6
2691,2025-10-08,21:00:00,6
2692,2025-10-09,6:00:00,6
2693,2025-10-09,7:00:00,6
2694,2025-10-09,8:00:00,6
2695,2025-10-09,9:00:00,6
2696,2025-10-09,10:00:00,6
2697,2025-10-09,11:00:00,6
2698,2025-10-09,12:00:00,6
2699,2025-10-09,13:00:00,6
2700,2025-10-09,14:00:00,6
2701,2025-10-09,15:00:00,6
2702,2025-10-09,16:00:00,6
2703,2025-10-09,17:00:00,6
2704,2025-10-09,18:00:00,6
2705,2025-10-09,19:00:00,6
2706,2025-10-09,20:00:00,6
2707,2025-10-09,21:00:00,6
2708,2025-10-10,6:00:00,6
2709,2025-10-10,7:00:00,6
2710,2025-10-10,8:00:00,6
2711,2025-10-10,9:00:00,6
2712,2025-10-10,10:00:00,6
2713,2025-10-10,11:00:00,6
2714,2025-10-10,12:00:00,6
2715,2025-10-10,13:00:00,6
2716,2025-10-10,14:00:00,6
2717,2025-10-10,15:00:00,6
2718,2025-10-10,16:00:00,6
2719,2025-10-10,17:00:00,6
2720,2025-10-10,18:00:00,6
2721,2025-10-10,19:00:00,6
2722,2025-10-10,20:00:00,6
2723,2025-10-10,21:00:00,6
2724,2025-10-11,7:00:00,6
2725,2025-10-11,8:00:00,6
2726,2025-10-11,9:00:00,6
2727,2025-10-11,10:00:00,6
2728,2025-10-11,11:00:00,6
2729,2025-10-11,12:00:00,6
2730,2025-10-11,13:00:00,6
2731,2025-10-11,14:00:00,6
2732,2025-10-11,15:00:00,6
2733,2025-10-11,16:00:00,6
2734,2025-10-11,17:00:00,6
