-- MySQL dump 10.13  Distrib 8.0.40, for Win64 (x86_64)
--
-- Host: 127.0.0.1    Database: jcu_gym_ms_db
-- ------------------------------------------------------
-- Server version	8.0.40

/*!40101 SET @OLD_CHARACTER_SET_CLIENT=@@CHARACTER_SET_CLIENT */;
/*!40101 SET @OLD_CHARACTER_SET_RESULTS=@@CHARACTER_SET_RESULTS */;
/*!40101 SET @OLD_COLLATION_CONNECTION=@@COLLATION_CONNECTION */;
/*!50503 SET NAMES utf8 */;
/*!40103 SET @OLD_TIME_ZONE=@@TIME_ZONE */;
/*!40103 SET TIME_ZONE='+00:00' */;
/*!40014 SET @OLD_UNIQUE_CHECKS=@@UNIQUE_CHECKS, UNIQUE_CHECKS=0 */;
/*!40014 SET @OLD_FOREIGN_KEY_CHECKS=@@FOREIGN_KEY_CHECKS, FOREIGN_KEY_CHECKS=0 */;
/*!40101 SET @OLD_SQL_MODE=@@SQL_MODE, SQL_MODE='NO_AUTO_VALUE_ON_ZERO' */;
/*!40111 SET @OLD_SQL_NOTES=@@SQL_NOTES, SQL_NOTES=0 */;

--
-- Table structure for table `booking`
--

DROP TABLE IF EXISTS `booking`;
/*!40101 SET @saved_cs_client     = @@character_set_client */;
/*!50503 SET character_set_client = utf8mb4 */;
CREATE TABLE `booking` (
  `BOOKING_Ref` varchar(20) NOT NULL,
  `MEMBER_ID` int NOT NULL,
  `SESSION_ID` int NOT NULL,
  `BOOKING_Date` date NOT NULL,
  `BOOKING_Time` time NOT NULL,
  `BOOKING_Status` enum('Booked','Deleted','Attended','No-Show') NOT NULL,
  PRIMARY KEY (`BOOKING_Ref`),
  KEY `fk_SESSION_has_MEMBER_MEMBER1_idx` (`MEMBER_ID`),
  KEY `fk_SESSION_has_MEMBER_SESSION1_idx` (`SESSION_ID`),
  CONSTRAINT `fk_SESSION_has_MEMBER_MEMBER1` FOREIGN KEY (`MEMBER_ID`) REFERENCES `member` (`MEMBER_ID`),
  CONSTRAINT `fk_SESSION_has_MEMBER_SESSION1` FOREIGN KEY (`SESSION_ID`) REFERENCES `session` (`SESSION_ID`)
) ENGINE=InnoDB DEFAULT CHARSET=utf8mb3;
/*!40101 SET character_set_client = @saved_cs_client */;

--
-- Dumping data for table `booking`
--

LOCK TABLES `booking` WRITE;
/*!40000 ALTER TABLE `booking` DISABLE KEYS */;
INSERT INTO `booking` VALUES ('GYM202501000',2304,2468,'2025-09-14','14:50:05','Attended'),('GYM202501001',2305,2464,'2025-09-14','18:36:57','Attended'),('GYM202501002',2305,2496,'2025-09-15','09:10:07','Attended'),('GYM202501003',2304,2478,'2025-09-15','13:07:50','Attended'),('GYM202501004',2304,2500,'2025-09-15','13:12:55','Attended'),('GYM202501005',2304,2560,'2025-09-16','10:10:35','Attended'),('GYM202501006',2305,2579,'2025-09-16','10:42:45','Deleted'),('GYM202501007',2306,2468,'2025-09-16','12:34:15','Attended'),('GYM202501008',2312,2464,'2025-09-17','16:30:11','Attended'),('GYM202501009',2304,2569,'2025-09-17','17:20:12','Attended'),('GYM202501010',2307,2464,'2025-09-17','20:41:40','Attended'),('GYM202501011',2306,2485,'2025-09-18','12:50:37','Attended'),('GYM202501012',2308,2464,'2025-09-18','20:40:02','Attended'),('GYM202501013',2313,2485,'2025-09-19','08:12:23','Attended'),('GYM202501014',2310,2464,'2025-09-19','13:07:50','Attended'),('GYM202501015',2306,2500,'2025-09-19','14:21:49','Attended'),('GYM202501016',2309,2464,'2025-09-20','10:20:57','Attended'),('GYM202501017',2307,2513,'2025-09-20','16:58:10','Attended'),('GYM202501018',2326,2532,'2025-09-21','08:18:42','Attended'),('GYM202501019',2322,2532,'2025-09-21','10:22:52','Attended'),('GYM202501020',2323,2532,'2025-09-21','10:28:53','Attended'),('GYM202501021',2310,2541,'2025-09-21','13:12:55','Deleted'),('GYM202501022',2331,2532,'2025-09-21','15:38:36','Attended'),('GYM202501023',2308,2552,'2025-09-22','08:26:41','No-Show'),('GYM202501024',2321,2533,'2025-09-22','13:34:20','Attended'),('GYM202501025',2324,2532,'2025-09-22','14:35:44','Attended'),('GYM202501026',2309,2533,'2025-09-22','14:38:40','Attended'),('GYM202501027',2331,2533,'2025-09-22','16:48:58','Attended'),('GYM202501028',2329,2533,'2025-09-23','16:04:00','Attended'),('GYM202501029',2308,2515,'2025-09-23','19:53:06','Attended'),('GYM202501030',2328,2532,'2025-09-24','09:21:52','Attended'),('GYM202501031',2329,2566,'2025-09-24','17:48:41','Attended'),('GYM202501032',2308,2541,'2025-09-24','20:15:49','Attended'),('GYM202501033',2320,2569,'2025-09-25','10:02:52','Attended'),('GYM202501034',2309,2552,'2025-09-25','11:50:52','Attended'),('GYM202501035',2322,2566,'2025-09-25','12:12:33','Attended'),('GYM202501036',2322,2569,'2025-09-25','12:25:27','Attended'),('GYM202501037',2323,2574,'2025-09-25','12:57:05','Attended'),('GYM202501038',2310,2574,'2025-09-25','13:22:43','Attended'),('GYM202501039',2309,2574,'2025-09-25','22:34:45','Attended'),('GYM202501040',2313,2560,'2025-09-26','08:58:32','Attended'),('GYM202501041',2308,2560,'2025-09-26','09:09:26','No-Show'),('GYM202501042',2313,2592,'2025-09-26','10:03:47','Attended'),('GYM202501043',2314,2574,'2025-09-26','10:43:39','Attended'),('GYM202501044',2319,2593,'2025-09-26','12:07:27','Attended'),('GYM202501045',2315,2569,'2025-09-26','12:08:45','Attended'),('GYM202501046',2318,2569,'2025-09-26','13:55:47','Attended'),('GYM202501047',2316,2579,'2025-09-26','16:15:22','Attended'),('GYM202501048',2316,2590,'2025-09-26','17:41:42','Attended'),('GYM202501049',2330,2603,'2025-09-27','09:20:01','Booked'),('GYM202501050',2328,2565,'2025-09-27','09:57:44','Attended'),('GYM202501051',2313,2569,'2025-09-27','10:00:13','Attended'),('GYM202501052',2328,2566,'2025-09-27','10:05:52','Deleted'),('GYM202501053',2320,2592,'2025-09-27','10:29:18','Attended'),('GYM202501054',2314,2593,'2025-09-27','10:59:23','Attended'),('GYM202501055',2319,2579,'2025-09-27','11:52:50','Attended'),('GYM202501056',2322,2597,'2025-09-27','12:48:17','Booked'),('GYM202501057',2315,2607,'2025-09-27','14:08:00','Booked'),('GYM202501058',2319,2606,'2025-09-27','14:12:11','Booked'),('GYM202501059',2310,2590,'2025-09-27','15:13:16','Attended'),('GYM202501060',2322,2607,'2025-09-27','16:14:54','Booked'),('GYM202501061',2327,2603,'2025-09-27','16:35:59','Booked'),('GYM202501062',2329,2565,'2025-09-27','17:08:54','Attended'),('GYM202501063',2331,2566,'2025-09-27','17:11:43','Attended'),('GYM202501064',2316,2605,'2025-09-27','18:40:17','Booked'),('GYM202501065',2306,2579,'2025-09-27','20:35:34','Attended'),('GYM202501066',2323,2625,'2025-09-28','09:43:46','Booked'),('GYM202501067',2308,2574,'2025-09-28','09:48:08','No-Show'),('GYM202501068',2313,2607,'2025-09-28','10:18:16','Booked'),('GYM202501069',2317,2592,'2025-09-28','11:00:01','Attended'),('GYM202501070',2314,2603,'2025-09-28','11:01:01','Booked'),('GYM202501071',2315,2592,'2025-09-28','12:29:28','Attended'),('GYM202501072',2321,2605,'2025-09-28','14:47:29','Deleted'),('GYM202501073',2312,2574,'2025-09-28','16:47:41','Attended'),('GYM202501074',2312,2579,'2025-09-28','16:47:41','Attended'),('GYM202501075',2312,2590,'2025-09-28','16:47:41','Attended'),('GYM202501076',2312,2593,'2025-09-28','16:47:41','Attended'),('GYM202501077',2318,2597,'2025-09-28','17:03:10','Booked'),('GYM202501078',2307,2579,'2025-09-28','19:11:41','No-Show'),('GYM202501079',2323,2611,'2025-09-28','19:33:13','Booked'),('GYM202501080',2316,2625,'2025-09-28','20:17:26','Booked'),('GYM202501081',2326,2629,'2025-09-29','08:20:09','Booked'),('GYM202501082',2317,2633,'2025-09-29','11:20:50','Booked'),('GYM202501083',2320,2636,'2025-09-29','11:43:39','Booked'),('GYM202501084',2325,2603,'2025-09-29','13:15:32','Booked'),('GYM202501085',2330,2606,'2025-09-29','13:17:21','Booked'),('GYM202501086',2310,2603,'2025-09-29','15:41:20','Booked'),('GYM202501087',2323,2593,'2025-09-29','17:13:18','Attended'),('GYM202501088',2329,2630,'2025-09-29','19:17:33','Booked'),('GYM202501089',2332,2603,'2025-09-30','09:40:28','Booked'),('GYM202501090',2328,2629,'2025-09-30','10:41:39','Booked'),('GYM202501091',2331,2629,'2025-09-30','11:55:13','Booked'),('GYM202501092',2331,2630,'2025-09-30','12:14:05','Booked'),('GYM202501093',2330,2643,'2025-09-30','15:00:04','Booked'),('GYM202501094',2321,2622,'2025-09-30','16:21:55','Booked'),('GYM202501095',2327,2643,'2025-09-30','18:21:21','Booked'),('GYM202501096',2324,2636,'2025-09-30','20:32:34','Booked'),('GYM202501097',2323,2643,'2025-10-01','10:46:50','Booked'),('GYM202501098',2328,2636,'2025-10-01','12:28:46','Booked'),('GYM202501099',2315,2656,'2025-10-01','14:27:08','Booked'),('GYM202501100',2324,2629,'2025-10-01','15:53:03','Booked'),('GYM202501101',2319,2622,'2025-10-01','16:40:54','Booked'),('GYM202501102',2319,2643,'2025-10-01','16:54:44','Booked'),('GYM202501103',2319,2658,'2025-10-01','17:20:34','Booked'),('GYM202501104',2322,2636,'2025-10-01','17:35:09','Booked'),('GYM202501105',2321,2643,'2025-10-01','18:04:24','Booked'),('GYM202501106',2318,2636,'2025-10-01','19:47:38','Booked'),('GYM202501107',2324,2666,'2025-10-02','08:41:17','Deleted'),('GYM202501108',2316,2665,'2025-10-02','09:52:22','Booked'),('GYM202501109',2326,2666,'2025-10-02','10:33:30','Booked'),('GYM202501110',2323,2658,'2025-10-02','12:42:04','Booked'),('GYM202501111',2323,2665,'2025-10-02','13:31:30','Booked'),('GYM202501112',2315,2636,'2025-10-02','14:14:29','Booked'),('GYM202501113',2325,2643,'2025-10-02','14:58:23','Booked'),('GYM202501114',2321,2665,'2025-10-02','19:17:58','Booked'),('GYM202501115',2316,2640,'2025-10-02','20:29:06','Booked'),('GYM202501116',2316,2678,'2025-10-03','10:04:51','Booked'),('GYM202501117',2320,2656,'2025-10-03','12:09:04','Booked'),('GYM202501118',2330,2658,'2025-10-03','15:34:02','Booked'),('GYM202501119',2319,2665,'2025-10-03','18:11:40','Booked'),('GYM202501120',2321,2658,'2025-10-03','18:17:20','Booked'),('GYM202501121',2327,2658,'2025-10-03','18:49:24','Deleted'),('GYM202501122',2327,2678,'2025-10-03','19:11:21','Booked'),('GYM202501123',2329,2666,'2025-10-03','20:01:38','Booked'),('GYM202501124',2318,2656,'2025-10-03','20:38:11','Booked'),('GYM202501125',2332,2678,'2025-10-04','10:22:39','Booked'),('GYM202501126',2320,2693,'2025-10-04','13:03:54','Booked'),('GYM202501127',2317,2692,'2025-10-04','13:05:02','Booked'),('GYM202501128',2315,2692,'2025-10-04','14:29:08','Booked'),('GYM202501129',2322,2656,'2025-10-04','20:08:28','Booked'),('GYM202501130',2328,2666,'2025-10-05','12:58:05','Booked'),('GYM202501131',2328,2693,'2025-10-05','13:00:30','Booked'),('GYM202501132',2323,2678,'2025-10-05','14:12:29','Booked'),('GYM202501133',2331,2666,'2025-10-05','17:23:33','Booked'),('GYM202501134',2325,2678,'2025-10-05','19:17:14','Booked'),('GYM202501135',2322,2692,'2025-10-06','08:24:36','Booked'),('GYM202501136',2322,2729,'2025-10-06','09:59:19','Booked'),('GYM202501137',2324,2693,'2025-10-06','10:13:34','Deleted'),('GYM202501138',2331,2715,'2025-10-06','18:58:34','Booked'),('GYM202501139',2321,2678,'2025-10-06','19:26:40','Booked'),('GYM202501140',2318,2693,'2025-10-07','08:25:39','Booked'),('GYM202501141',2321,2715,'2025-10-07','08:58:00','Booked'),('GYM202501142',2329,2729,'2025-10-07','20:13:30','Booked'),('GYM202501143',2322,2715,'2025-10-08','09:00:49','Booked'),('GYM202501144',2324,2729,'2025-10-08','12:11:28','Booked'),('GYM202501145',2332,2715,'2025-10-08','13:18:08','Booked'),('GYM202501146',2328,2729,'2025-10-08','16:03:17','Booked'),('GYM202501147',2325,2715,'2025-10-08','19:53:30','Booked'),('GYM202501148',2326,2729,'2025-10-09','14:12:46','Booked'),('GYM202501149',2331,2729,'2025-10-09','19:25:12','Deleted');
/*!40000 ALTER TABLE `booking` ENABLE KEYS */;
UNLOCK TABLES;

--
-- Table structure for table `member`
--

DROP TABLE IF EXISTS `member`;
/*!40101 SET @saved_cs_client     = @@character_set_client */;
/*!50503 SET character_set_client = utf8mb4 */;
CREATE TABLE `member` (
  `MEMBER_ID` int NOT NULL,
  `MEMBER_Title` enum('Mr','Mrs','Ms') NOT NULL,
  `MEMBER_Name` varchar(45) NOT NULL,
  `MEMBER_Gender` enum('Male','Female') NOT NULL,
  `MEMBER_DOB` date NOT NULL,
  `MEMBER_Phone` varchar(20) NOT NULL,
  `MEMBER_Email` varchar(100) NOT NULL,
  `MEMBER_EmgContactName` varchar(45) DEFAULT NULL,
  `MEMBER_EmgContactPhone` varchar(20) DEFAULT NULL,
  `MEMBER_PwdHash` char(60) NOT NULL,
  `MEMBER_Type` enum('Student','Staff') NOT NULL,
  PRIMARY KEY (`MEMBER_ID`)
) ENGINE=InnoDB DEFAULT CHARSET=utf8mb3;
/*!40101 SET character_set_client = @saved_cs_client */;

--
-- Dumping data for table `member`
--

LOCK TABLES `member` WRITE;
/*!40000 ALTER TABLE `member` DISABLE KEYS */;
INSERT INTO `member` VALUES (2303,'Mr','Tyler Pope','Male','2003-08-03','9123 4567','tyler.pope@my.jcu.edu.au','Nadine Pope','9456 7890','$2b$12$FqhP1GqXqkD8vE78vHT9SuNX6ltHEz/Rt5O7rjl49.CWXIjF1q3p6','Student'),(2304,'Mrs','Erika Bowen','Female','1953-04-07','9234 5678','erika.bowen@jcu.edu.au',NULL,NULL,'$2b$12$LrKMIRY3rb9JvGK19fwR1.WIF53RSbRzmKuF7nYbbT3HTQmt4FR0y','Staff'),(2305,'Ms','Vera Alvarado','Female','2005-04-09','9345 6789','vera.alvarado@my.jcu.edu.au','Allen Alvarado','9567 8901','$2b$12$MEqZUmjsNxUQF.GZqc/6AeTKWQ6zLE7hHL8VIMzH/yExfRHyj5NzC','Student'),(2306,'Mrs','Aria Williams','Female','1998-11-14','9056 9380','aria.williams@my.jcu.edu.au',NULL,NULL,'$2b$12$o01zrXX1U9q3rg.sCSGLXrxilGnR.ez9PdQn.pyeFpyPjDs9gWcnF','Student'),(2307,'Mrs','Ella Brown','Female','2005-06-30','9769 4964','ella.brown@my.jcu.edu.au','Alex Brown','9255 4871','$2b$12$eBWrhA6/S/Tf.AYH/MtRkDN/MBuzVYjBGrWdYjkAgSm4eBW.OoAPP','Student'),(2308,'Mr','Sebastian Garcia','Male','2005-03-21','9453 8055','sebastian.garcia@my.jcu.edu.au','Amanda Garcia','9554 6110','$2b$12$0YI6wyBRDAeA.dM65mD/leulUqtCbWy9RoSFZmv0JylmpbWZNDVWq','Student'),(2309,'Mrs','Layla Lee','Female','2001-09-08','9693 1009','layla.lee@my.jcu.edu.au',NULL,NULL,'$2b$12$/mT/PD82ggGV6qXxqBTghBmR1yFLDIOg/xhm3FprZ0BWSNy6/dZej','Student'),(2310,'Mr','Michael Gonzalez','Male','1999-10-19','9815 2994','michael.gonzalez@my.jcu.edu.au','Rachel Gonzalez','9351 7859','$2b$12$jssY.j8He9czC0TEO9LhKk.pFSO.hZbPDVuW8XmRS7Rn6uaipCK//','Student'),(2311,'Mrs','Ella Clark','Female','2004-08-11','9045 4280','ella.clark@my.jcu.edu.au','David Clark','9637 4411','$2b$12$6wv9FLzJpW6UAid7geRfUZV4e.6YCsv26v7XDos90wmyaBs/bTKXm','Student'),(2312,'Mr','Oliver Hernandez','Male','2001-01-14','9631 0187','oliver.hernandez@my.jcu.edu.au','Linda Hernandez','9204 7682','$2b$12$gluufybP5WGDhRW3DRNKcTD8f3xoV5rC5AbzGycyLCflZjHtlwECA','Student'),(2313,'Mr','Benjamin Perez','Male','1961-02-10','9927 0529','benjamin.perez@jcu.edu.au',NULL,NULL,'$2b$12$M5cOfybrvuK7mAk2UtpNFkJl4EFxyqiCaungKKbUsmffJpkR5CU2W','Staff'),(2314,'Mr','Lucas Smith','Male','2003-06-07','9340 5299','lucas.smith@my.jcu.edu.au','Carol Smith','9760 3114','$2b$12$QjP1n3/L69Pwe0g9IzxA2x8XMyXkNZMrm75cc0nCRTZ.YorjP1l48','Student'),(2315,'Mr','Gabriel Lee','Male','1977-06-27','9636 6213','gabriel.lee@jcu.edu.au','Grace Lee','9942 2845','$2b$12$3qXHPwEAHia6LHyAH8JLOllrWForAImfE1KxI1ZK8SoKWDl98xFcA','Staff'),(2316,'Mr','Benjamin Anderson','Male','2004-03-13','9861 8123','benjamin.anderson@my.jcu.edu.au','Andrea Anderson','9093 8420','$2b$12$NgiDXhHvGbYHY65KQuAuOux68gn4dKE.l1USfNSsHw/uzjKXpWKM7','Student'),(2317,'Mrs','Sophia Wilson','Female','1968-01-09','9022 0934','sophia.wilson@jcu.edu.au',NULL,NULL,'$2b$12$yWav2nM5C/6Xn6sKN5U9CpTQiTbIK4BQcjgtjv7d.Qeoe9XsMy43i','Staff'),(2318,'Mr','Anthony Davis','Male','1958-04-15','9771 5840','anthony.davis@jcu.edu.au','Olivia Davis','9680 2296','$2b$12$uOeUe9VGcSFFp7R94rVOZ9eUEAkzcE84fWkzlmSWta7uHL7i9CCwC','Staff'),(2319,'Ms','Emily Martinez','Female','2002-03-02','9065 4457','emily.martinez@my.jcu.edu.au','Carlos Martinez','9166 7431','$2b$12$HZZK3z6eAVQVzHuH4mKr5RxYQsNySj0zlE2Gwmv1Un8I2hYg4WSeG','Student'),(2320,'Mr','James Brown','Male','1975-10-30','9418 3772','james.brown@jcu.edu.au',NULL,NULL,'$2b$12$dG96AAtr5EEJnO4RK8fKYb3lGszC4nhE6v8wgOacYivDVvi/aMQjK','Staff'),(2321,'Mr','Aiden Clark','Male','2000-06-11','9723 6815','aiden.clark@my.jcu.edu.au','Evelyn Clark','9783 5130','$2b$12$L6u9ZDCF3aF8gWJgdTYhONcpOZx59aLYl62wWxpWlSQhV2giEXZbF','Student'),(2322,'Ms','Grace Lewis','Female','1987-08-07','9779 7241','grace.lewis@jcu.edu.au','Matthew Lewis','9374 6023','$2b$12$Sz7hJau4sKIlIiVRt3LrpAWSk9LScWcyyowNwUG6LsXAQ5ea70J2W','Staff'),(2323,'Mr','Daniel Smith','Male','2002-01-27','9214 6650','daniel.smith@my.jcu.edu.au',NULL,NULL,'$2b$12$AyjZawWIuSY5v8Srg6UhXGXUay.gwZ29V9Ia7Aq2n.JlyqOi8fEQW','Student'),(2324,'Ms','Sofia Perez','Female','1979-05-08','9534 2198','sofia.perez@jcu.edu.au','Jason Perez','9944 6119','$2b$12$bodsuentvr9SQrTRPw06LEGiSWn/xNH7qHTyrbs90JnvfO9miu2Ca','Staff'),(2325,'Mr','Michael Lee','Male','1999-11-22','9077 0612','michael.lee@my.jcu.edu.au','Alice Lee','9730 1203','$2b$12$LKnKe7AOUT0DLorGLUPg2g4.Ld3jnnE6l913bFm.qvapc1CCEbUFr','Student'),(2326,'Mrs','Sophia Clark','Female','1972-11-20','9592 3960','sophia.clark@jcu.edu.au',NULL,NULL,'$2b$12$YKRsxwASQfcZDgyhH7MusVz02yo69cQ4u8YX3AV5OW5figGGU5OJ6','Staff'),(2327,'Mr','Daniel Hernandez','Male','1999-09-08','9010 0075','daniel.hernandez@my.jcu.edu.au','Laura Hernandez','9281 4378','$2b$12$eFltSN5ag.3TgHeGLCIOMIZrYlcAdzco10BZpCgUXzXhEzfcQIL/n','Student'),(2328,'Mr','Oliver Sanchez','Male','1974-05-11','9383 1212','oliver.sanchez@jcu.edu.au','Gloria Sanchez','9544 2460','$2b$12$QJKi2ZNszTdJYf6AyMHALHWvI82eyn0QanPcoU6PW4uAuaysgGlYJ','Staff'),(2329,'Mr','Samuel Harris','Male','1972-10-10','9622 0592','samuel.harris@jcu.edu.au','Patricia Harris','9724 3304','$2b$12$Ht7TS6x5gjZlU6shvxobHEuHvErBGci6VFV1wksL/Wm6DZZQMm7fU','Staff'),(2330,'Mr','Sebastian Jackson','Male','2001-05-21','9546 2291','sebastian.jackson@my.jcu.edu.au','Rosa Jackson','9468 7722','$2b$12$mFe9UB5ctgOjxtC/RLhTsvoSaflWzfNuzXHEEIIVXXvm0TX2xi0K9','Student'),(2331,'Mr','Oliver Thomas','Male','1956-02-13','9936 5620','oliver.thomas@jcu.edu.au','Betty Thomas','9183 5836','$2b$12$6voKo3DHV02d8WLaaDqmscbEIWk5RVWH67QKxFMtabbwWj7l4/q5x','Staff'),(2332,'Mrs','Charlotte Rodriguez','Female','2006-12-11','9439 7833','charlotte.rodriguez@my.jcu.edu.au','Juan Rodriguez','9684 5540','$2b$12$wd.Zcxax0/HY7tdbrXdMnSHYoiVBrEWrsRCBf5DF0LmoyXLuDBmcR','Student');
/*!40000 ALTER TABLE `member` ENABLE KEYS */;
UNLOCK TABLES;

--
-- Table structure for table `membership`
--

DROP TABLE IF EXISTS `membership`;
/*!40101 SET @saved_cs_client     = @@character_set_client */;
/*!50503 SET character_set_client = utf8mb4 */;
CREATE TABLE `membership` (
  `MEMBERSHIP_ID` int NOT NULL,
  `MEMBER_ID` int NOT NULL,
  `MEM_TYPE_ID` int NOT NULL,
  `MEMBERSHIP_StartDate` date NOT NULL,
  `MEMBERSHIP_ExpDate` date NOT NULL,
  `MEMBERSHIP_Declared` tinyint NOT NULL,
  PRIMARY KEY (`MEMBERSHIP_ID`),
  KEY `fk_MEMBERSHIP_MEMBER1_idx` (`MEMBER_ID`),
  KEY `fk_MEMBERSHIP_MEMBERSHIP_TYPE1_idx` (`MEM_TYPE_ID`),
  CONSTRAINT `fk_MEMBERSHIP_MEMBER1` FOREIGN KEY (`MEMBER_ID`) REFERENCES `member` (`MEMBER_ID`),
  CONSTRAINT `fk_MEMBERSHIP_MEMBERSHIP_TYPE1` FOREIGN KEY (`MEM_TYPE_ID`) REFERENCES `membership_type` (`MEM_TYPE_ID`)
) ENGINE=InnoDB DEFAULT CHARSET=utf8mb3;
/*!40101 SET character_set_client = @saved_cs_client */;

--
-- Dumping data for table `membership`
--

LOCK TABLES `membership` WRITE;
/*!40000 ALTER TABLE `membership` DISABLE KEYS */;
INSERT INTO `membership` VALUES (3407,2303,1,'2025-01-20','2025-04-25',1),(3408,2304,3,'2025-01-01','2025-12-31',1),(3409,2305,2,'2025-01-20','2025-12-13',1),(3410,2306,1,'2025-01-20','2025-04-25',1),(3411,2307,1,'2025-01-20','2025-04-25',1),(3412,2307,1,'2025-05-19','2025-08-23',1),(3413,2303,1,'2025-05-19','2025-08-23',1),(3414,2308,1,'2025-05-19','2025-08-23',1),(3415,2306,1,'2025-05-19','2025-08-23',1),(3416,2309,1,'2025-05-19','2025-08-23',1),(3417,2310,1,'2025-05-19','2025-08-23',1),(3418,2311,1,'2025-05-19','2025-08-23',1),(3419,2312,1,'2025-05-19','2025-08-23',1),(3420,2312,1,'2025-09-15','2025-12-13',1),(3421,2307,1,'2025-09-15','2025-12-13',1),(3422,2308,1,'2025-09-15','2025-12-13',1),(3423,2306,1,'2025-09-15','2025-12-13',1),(3424,2309,1,'2025-09-15','2025-12-13',1),(3425,2313,3,'2025-09-15','2026-09-14',1),(3426,2314,1,'2025-09-15','2025-12-13',1),(3427,2315,3,'2025-09-15','2026-09-14',1),(3428,2316,1,'2025-09-15','2025-12-13',1),(3429,2317,3,'2025-09-15','2026-09-14',1),(3430,2310,1,'2025-09-15','2025-12-13',1),(3431,2318,3,'2025-09-15','2026-09-14',1),(3432,2319,1,'2025-09-15','2025-12-13',1),(3433,2320,3,'2025-09-15','2026-09-14',1),(3434,2321,1,'2025-09-15','2025-12-13',1),(3435,2322,3,'2025-09-15','2026-09-14',1),(3436,2323,1,'2025-09-15','2025-12-13',1),(3437,2324,3,'2025-09-15','2026-09-14',1),(3438,2325,1,'2025-09-15','2025-12-13',1),(3439,2326,3,'2025-09-15','2026-09-14',1),(3440,2327,1,'2025-09-15','2025-12-13',1),(3441,2328,3,'2025-09-15','2026-09-14',1),(3442,2329,3,'2025-09-15','2026-09-14',1),(3443,2330,1,'2025-09-15','2025-12-13',1),(3444,2331,3,'2025-09-15','2026-09-14',1),(3445,2332,1,'2025-09-15','2025-12-13',1);
/*!40000 ALTER TABLE `membership` ENABLE KEYS */;
UNLOCK TABLES;

--
-- Table structure for table `membership_type`
--

DROP TABLE IF EXISTS `membership_type`;
/*!40101 SET @saved_cs_client     = @@character_set_client */;
/*!50503 SET character_set_client = utf8mb4 */;
CREATE TABLE `membership_type` (
  `MEM_TYPE_ID` int NOT NULL,
  `MEM_TYPE_Name` varchar(45) NOT NULL,
  `MEM_TYPE_Fee` decimal(6,2) NOT NULL,
  PRIMARY KEY (`MEM_TYPE_ID`)
) ENGINE=InnoDB DEFAULT CHARSET=utf8mb3;
/*!40101 SET character_set_client = @saved_cs_client */;

--
-- Dumping data for table `membership_type`
--

LOCK TABLES `membership_type` WRITE;
/*!40000 ALTER TABLE `membership_type` DISABLE KEYS */;
INSERT INTO `membership_type` VALUES (1,'One Trimester',50.00),(2,'Three Trimesters',100.00),(3,'One Year',120.00);
/*!40000 ALTER TABLE `membership_type` ENABLE KEYS */;
UNLOCK TABLES;

--
-- Table structure for table `payment`
--

DROP TABLE IF EXISTS `payment`;
/*!40101 SET @saved_cs_client     = @@character_set_client */;
/*!50503 SET character_set_client = utf8mb4 */;
CREATE TABLE `payment` (
  `PAYMENT_ID` int NOT NULL,
  `MEMBERSHIP_ID` int NOT NULL,
  `PAYMENT_Date` date NOT NULL,
  `PAYMENT_TotalFee` decimal(6,2) NOT NULL,
  `PAYMENT_Type` enum('Cash','Cheque','NETS','MasterCard','Visa','Amex','Union Pay','Salary Deduction') NOT NULL,
  `PAYMENT_RcptNum` varchar(20) DEFAULT NULL,
  `PAYMENT_RcptVerifiedBy` varchar(20) DEFAULT NULL,
  PRIMARY KEY (`PAYMENT_ID`),
  KEY `fk_PAYMENT_MEMBERSHIP1_idx` (`MEMBERSHIP_ID`),
  CONSTRAINT `fk_PAYMENT_MEMBERSHIP1` FOREIGN KEY (`MEMBERSHIP_ID`) REFERENCES `membership` (`MEMBERSHIP_ID`)
) ENGINE=InnoDB DEFAULT CHARSET=utf8mb3;
/*!40101 SET character_set_client = @saved_cs_client */;

--
-- Dumping data for table `payment`
--

LOCK TABLES `payment` WRITE;
/*!40000 ALTER TABLE `payment` DISABLE KEYS */;
INSERT INTO `payment` VALUES (10003407,3407,'2025-01-20',50.00,'Cash','R20250121-10003407','Victoria White'),(10003408,3408,'2025-01-01',120.00,'Salary Deduction',NULL,NULL),(10003409,3409,'2025-01-20',100.00,'Cheque','R20250122-10003409','Caleb Thompson'),(10003410,3410,'2025-01-20',50.00,'NETS',NULL,NULL),(10003411,3411,'2025-01-20',50.00,'MasterCard',NULL,NULL),(10003412,3412,'2025-05-19',50.00,'Visa',NULL,NULL),(10003413,3413,'2025-05-19',50.00,'Amex',NULL,NULL),(10003414,3414,'2025-05-19',50.00,'Union Pay',NULL,NULL),(10003415,3415,'2025-05-19',50.00,'NETS',NULL,NULL),(10003416,3416,'2025-05-19',50.00,'MasterCard',NULL,NULL),(10003417,3417,'2025-05-19',50.00,'Visa',NULL,NULL),(10003418,3418,'2025-05-19',50.00,'Amex',NULL,NULL),(10003419,3419,'2025-05-19',50.00,'Union Pay',NULL,NULL),(10003420,3420,'2025-09-15',50.00,'NETS',NULL,NULL),(10003421,3421,'2025-09-15',50.00,'MasterCard',NULL,NULL),(10003422,3422,'2025-09-15',50.00,'Visa',NULL,NULL),(10003423,3423,'2025-09-15',50.00,'Amex',NULL,NULL),(10003424,3424,'2025-09-15',50.00,'Union Pay',NULL,NULL),(10003425,3425,'2025-09-15',120.00,'Salary Deduction',NULL,NULL),(10003426,3426,'2025-09-15',50.00,'Cash','R20250123-10003426','Caleb Thompson'),(10003427,3427,'2025-09-15',120.00,'Salary Deduction',NULL,NULL),(10003428,3428,'2025-09-15',50.00,'NETS',NULL,NULL),(10003429,3429,'2025-09-15',120.00,'Salary Deduction',NULL,NULL),(10003430,3430,'2025-09-15',50.00,'MasterCard',NULL,NULL),(10003431,3431,'2025-09-15',120.00,'Salary Deduction',NULL,NULL),(10003432,3432,'2025-09-15',50.00,'Visa',NULL,NULL),(10003433,3433,'2025-09-15',120.00,'Salary Deduction',NULL,NULL),(10003434,3434,'2025-09-15',50.00,'Amex',NULL,NULL),(10003435,3435,'2025-09-15',120.00,'Salary Deduction',NULL,NULL),(10003436,3436,'2025-09-15',50.00,'Union Pay',NULL,NULL),(10003437,3437,'2025-09-15',120.00,'Salary Deduction',NULL,NULL),(10003438,3438,'2025-09-15',50.00,'NETS',NULL,NULL),(10003439,3439,'2025-09-15',120.00,'Salary Deduction',NULL,NULL),(10003440,3440,'2025-09-15',50.00,'MasterCard',NULL,NULL),(10003441,3441,'2025-09-15',120.00,'Salary Deduction',NULL,NULL),(10003442,3442,'2025-09-15',120.00,'Salary Deduction',NULL,NULL),(10003443,3443,'2025-09-15',50.00,'Visa',NULL,NULL),(10003444,3444,'2025-09-15',120.00,'Salary Deduction',NULL,NULL),(10003445,3445,'2025-09-15',50.00,'Amex',NULL,NULL);
/*!40000 ALTER TABLE `payment` ENABLE KEYS */;
UNLOCK TABLES;

--
-- Table structure for table `session`
--

DROP TABLE IF EXISTS `session`;
/*!40101 SET @saved_cs_client     = @@character_set_client */;
/*!50503 SET character_set_client = utf8mb4 */;
CREATE TABLE `session` (
  `SESSION_ID` int NOT NULL,
  `SESSION_Date` date NOT NULL,
  `SESSION_Time` time NOT NULL,
  `SESSION_Capacity` int NOT NULL,
  PRIMARY KEY (`SESSION_ID`)
) ENGINE=InnoDB DEFAULT CHARSET=utf8mb3;
/*!40101 SET character_set_client = @saved_cs_client */;

--
-- Dumping data for table `session`
--

LOCK TABLES `session` WRITE;
/*!40000 ALTER TABLE `session` DISABLE KEYS */;
INSERT INTO `session` VALUES (2462,'2025-09-22','06:00:00',6),(2463,'2025-09-22','07:00:00',6),(2464,'2025-09-22','08:00:00',6),(2465,'2025-09-22','09:00:00',6),(2466,'2025-09-22','10:00:00',6),(2467,'2025-09-22','11:00:00',6),(2468,'2025-09-22','12:00:00',6),(2469,'2025-09-22','13:00:00',6),(2470,'2025-09-22','14:00:00',6),(2471,'2025-09-22','15:00:00',6),(2472,'2025-09-22','16:00:00',6),(2473,'2025-09-22','17:00:00',6),(2474,'2025-09-22','18:00:00',6),(2475,'2025-09-22','19:00:00',6),(2476,'2025-09-22','20:00:00',6),(2477,'2025-09-22','21:00:00',6),(2478,'2025-09-23','06:00:00',6),(2479,'2025-09-23','07:00:00',6),(2480,'2025-09-23','08:00:00',6),(2481,'2025-09-23','09:00:00',6),(2482,'2025-09-23','10:00:00',6),(2483,'2025-09-23','11:00:00',6),(2484,'2025-09-23','12:00:00',6),(2485,'2025-09-23','13:00:00',6),(2486,'2025-09-23','14:00:00',6),(2487,'2025-09-23','15:00:00',6),(2488,'2025-09-23','16:00:00',6),(2489,'2025-09-23','17:00:00',6),(2490,'2025-09-23','18:00:00',6),(2491,'2025-09-23','19:00:00',6),(2492,'2025-09-23','20:00:00',6),(2493,'2025-09-23','21:00:00',6),(2494,'2025-09-24','06:00:00',6),(2495,'2025-09-24','07:00:00',6),(2496,'2025-09-24','08:00:00',6),(2497,'2025-09-24','09:00:00',6),(2498,'2025-09-24','10:00:00',6),(2499,'2025-09-24','11:00:00',6),(2500,'2025-09-24','12:00:00',6),(2501,'2025-09-24','13:00:00',6),(2502,'2025-09-24','14:00:00',6),(2503,'2025-09-24','15:00:00',6),(2504,'2025-09-24','16:00:00',6),(2505,'2025-09-24','17:00:00',6),(2506,'2025-09-24','18:00:00',6),(2507,'2025-09-24','19:00:00',6),(2508,'2025-09-24','20:00:00',6),(2509,'2025-09-24','21:00:00',6),(2510,'2025-09-25','06:00:00',6),(2511,'2025-09-25','07:00:00',6),(2512,'2025-09-25','08:00:00',6),(2513,'2025-09-25','09:00:00',6),(2514,'2025-09-25','10:00:00',6),(2515,'2025-09-25','11:00:00',6),(2516,'2025-09-25','12:00:00',6),(2517,'2025-09-25','13:00:00',6),(2518,'2025-09-25','14:00:00',6),(2519,'2025-09-25','15:00:00',6),(2520,'2025-09-25','16:00:00',6),(2521,'2025-09-25','17:00:00',6),(2522,'2025-09-25','18:00:00',6),(2523,'2025-09-25','19:00:00',6),(2524,'2025-09-25','20:00:00',6),(2525,'2025-09-25','21:00:00',6),(2526,'2025-09-26','06:00:00',6),(2527,'2025-09-26','07:00:00',6),(2528,'2025-09-26','08:00:00',6),(2529,'2025-09-26','09:00:00',6),(2530,'2025-09-26','10:00:00',6),(2531,'2025-09-26','11:00:00',6),(2532,'2025-09-26','12:00:00',6),(2533,'2025-09-26','13:00:00',6),(2534,'2025-09-26','14:00:00',6),(2535,'2025-09-26','15:00:00',6),(2536,'2025-09-26','16:00:00',6),(2537,'2025-09-26','17:00:00',6),(2538,'2025-09-26','18:00:00',6),(2539,'2025-09-26','19:00:00',6),(2540,'2025-09-26','20:00:00',6),(2541,'2025-09-26','21:00:00',6),(2542,'2025-09-27','07:00:00',6),(2543,'2025-09-27','08:00:00',6),(2544,'2025-09-27','09:00:00',6),(2545,'2025-09-27','10:00:00',6),(2546,'2025-09-27','11:00:00',6),(2547,'2025-09-27','12:00:00',6),(2548,'2025-09-27','13:00:00',6),(2549,'2025-09-27','14:00:00',6),(2550,'2025-09-27','15:00:00',6),(2551,'2025-09-27','16:00:00',6),(2552,'2025-09-27','17:00:00',6),(2553,'2025-09-29','06:00:00',6),(2554,'2025-09-29','07:00:00',6),(2555,'2025-09-29','08:00:00',6),(2556,'2025-09-29','09:00:00',6),(2557,'2025-09-29','10:00:00',6),(2558,'2025-09-29','11:00:00',6),(2559,'2025-09-29','12:00:00',6),(2560,'2025-09-29','13:00:00',6),(2561,'2025-09-29','14:00:00',6),(2562,'2025-09-29','15:00:00',6),(2563,'2025-09-29','16:00:00',6),(2564,'2025-09-29','17:00:00',6),(2565,'2025-09-29','18:00:00',6),(2566,'2025-09-29','19:00:00',6),(2567,'2025-09-29','20:00:00',6),(2568,'2025-09-29','21:00:00',6),(2569,'2025-09-30','06:00:00',6),(2570,'2025-09-30','07:00:00',6),(2571,'2025-09-30','08:00:00',6),(2572,'2025-09-30','09:00:00',6),(2573,'2025-09-30','10:00:00',6),(2574,'2025-09-30','11:00:00',6),(2575,'2025-09-30','12:00:00',6),(2576,'2025-09-30','13:00:00',6),(2577,'2025-09-30','14:00:00',6),(2578,'2025-09-30','15:00:00',6),(2579,'2025-09-30','16:00:00',6),(2580,'2025-09-30','17:00:00',6),(2581,'2025-09-30','18:00:00',6),(2582,'2025-09-30','19:00:00',6),(2583,'2025-09-30','20:00:00',6),(2584,'2025-09-30','21:00:00',6),(2585,'2025-10-01','06:00:00',6),(2586,'2025-10-01','07:00:00',6),(2587,'2025-10-01','08:00:00',6),(2588,'2025-10-01','09:00:00',6),(2589,'2025-10-01','10:00:00',6),(2590,'2025-10-01','11:00:00',6),(2591,'2025-10-01','12:00:00',6),(2592,'2025-10-01','13:00:00',6),(2593,'2025-10-01','14:00:00',6),(2594,'2025-10-01','15:00:00',6),(2595,'2025-10-01','16:00:00',6),(2596,'2025-10-01','17:00:00',6),(2597,'2025-10-01','18:00:00',6),(2598,'2025-10-01','19:00:00',6),(2599,'2025-10-01','20:00:00',6),(2600,'2025-10-01','21:00:00',6),(2601,'2025-10-02','06:00:00',6),(2602,'2025-10-02','07:00:00',6),(2603,'2025-10-02','08:00:00',6),(2604,'2025-10-02','09:00:00',6),(2605,'2025-10-02','10:00:00',6),(2606,'2025-10-02','11:00:00',6),(2607,'2025-10-02','12:00:00',6),(2608,'2025-10-02','13:00:00',6),(2609,'2025-10-02','14:00:00',6),(2610,'2025-10-02','15:00:00',6),(2611,'2025-10-02','16:00:00',6),(2612,'2025-10-02','17:00:00',6),(2613,'2025-10-02','18:00:00',6),(2614,'2025-10-02','19:00:00',6),(2615,'2025-10-02','20:00:00',6),(2616,'2025-10-02','21:00:00',6),(2617,'2025-10-03','06:00:00',6),(2618,'2025-10-03','07:00:00',6),(2619,'2025-10-03','08:00:00',6),(2620,'2025-10-03','09:00:00',6),(2621,'2025-10-03','10:00:00',6),(2622,'2025-10-03','11:00:00',6),(2623,'2025-10-03','12:00:00',6),(2624,'2025-10-03','13:00:00',6),(2625,'2025-10-03','14:00:00',6),(2626,'2025-10-03','15:00:00',6),(2627,'2025-10-03','16:00:00',6),(2628,'2025-10-03','17:00:00',6),(2629,'2025-10-03','18:00:00',6),(2630,'2025-10-03','19:00:00',6),(2631,'2025-10-03','20:00:00',6),(2632,'2025-10-03','21:00:00',6),(2633,'2025-10-04','07:00:00',6),(2634,'2025-10-04','08:00:00',6),(2635,'2025-10-04','09:00:00',6),(2636,'2025-10-04','10:00:00',6),(2637,'2025-10-04','11:00:00',6),(2638,'2025-10-04','12:00:00',6),(2639,'2025-10-04','13:00:00',6),(2640,'2025-10-04','14:00:00',6),(2641,'2025-10-04','15:00:00',6),(2642,'2025-10-04','16:00:00',6),(2643,'2025-10-04','17:00:00',6),(2644,'2025-10-06','06:00:00',6),(2645,'2025-10-06','07:00:00',6),(2646,'2025-10-06','08:00:00',6),(2647,'2025-10-06','09:00:00',6),(2648,'2025-10-06','10:00:00',6),(2649,'2025-10-06','11:00:00',6),(2650,'2025-10-06','12:00:00',6),(2651,'2025-10-06','13:00:00',6),(2652,'2025-10-06','14:00:00',6),(2653,'2025-10-06','15:00:00',6),(2654,'2025-10-06','16:00:00',6),(2655,'2025-10-06','17:00:00',6),(2656,'2025-10-06','18:00:00',6),(2657,'2025-10-06','19:00:00',6),(2658,'2025-10-06','20:00:00',6),(2659,'2025-10-06','21:00:00',6),(2660,'2025-10-07','06:00:00',6),(2661,'2025-10-07','07:00:00',6),(2662,'2025-10-07','08:00:00',6),(2663,'2025-10-07','09:00:00',6),(2664,'2025-10-07','10:00:00',6),(2665,'2025-10-07','11:00:00',6),(2666,'2025-10-07','12:00:00',6),(2667,'2025-10-07','13:00:00',6),(2668,'2025-10-07','14:00:00',6),(2669,'2025-10-07','15:00:00',6),(2670,'2025-10-07','16:00:00',6),(2671,'2025-10-07','17:00:00',6),(2672,'2025-10-07','18:00:00',6),(2673,'2025-10-07','19:00:00',6),(2674,'2025-10-07','20:00:00',6),(2675,'2025-10-07','21:00:00',6),(2676,'2025-10-08','06:00:00',6),(2677,'2025-10-08','07:00:00',6),(2678,'2025-10-08','08:00:00',6),(2679,'2025-10-08','09:00:00',6),(2680,'2025-10-08','10:00:00',6),(2681,'2025-10-08','11:00:00',6),(2682,'2025-10-08','12:00:00',6),(2683,'2025-10-08','13:00:00',6),(2684,'2025-10-08','14:00:00',6),(2685,'2025-10-08','15:00:00',6),(2686,'2025-10-08','16:00:00',6),(2687,'2025-10-08','17:00:00',6),(2688,'2025-10-08','18:00:00',6),(2689,'2025-10-08','19:00:00',6),(2690,'2025-10-08','20:00:00',6),(2691,'2025-10-08','21:00:00',6),(2692,'2025-10-09','06:00:00',6),(2693,'2025-10-09','07:00:00',6),(2694,'2025-10-09','08:00:00',6),(2695,'2025-10-09','09:00:00',6),(2696,'2025-10-09','10:00:00',6),(2697,'2025-10-09','11:00:00',6),(2698,'2025-10-09','12:00:00',6),(2699,'2025-10-09','13:00:00',6),(2700,'2025-10-09','14:00:00',6),(2701,'2025-10-09','15:00:00',6),(2702,'2025-10-09','16:00:00',6),(2703,'2025-10-09','17:00:00',6),(2704,'2025-10-09','18:00:00',6),(2705,'2025-10-09','19:00:00',6),(2706,'2025-10-09','20:00:00',6),(2707,'2025-10-09','21:00:00',6),(2708,'2025-10-10','06:00:00',6),(2709,'2025-10-10','07:00:00',6),(2710,'2025-10-10','08:00:00',6),(2711,'2025-10-10','09:00:00',6),(2712,'2025-10-10','10:00:00',6),(2713,'2025-10-10','11:00:00',6),(2714,'2025-10-10','12:00:00',6),(2715,'2025-10-10','13:00:00',6),(2716,'2025-10-10','14:00:00',6),(2717,'2025-10-10','15:00:00',6),(2718,'2025-10-10','16:00:00',6),(2719,'2025-10-10','17:00:00',6),(2720,'2025-10-10','18:00:00',6),(2721,'2025-10-10','19:00:00',6),(2722,'2025-10-10','20:00:00',6),(2723,'2025-10-10','21:00:00',6),(2724,'2025-10-11','07:00:00',6),(2725,'2025-10-11','08:00:00',6),(2726,'2025-10-11','09:00:00',6),(2727,'2025-10-11','10:00:00',6),(2728,'2025-10-11','11:00:00',6),(2729,'2025-10-11','12:00:00',6),(2730,'2025-10-11','13:00:00',6),(2731,'2025-10-11','14:00:00',6),(2732,'2025-10-11','15:00:00',6),(2733,'2025-10-11','16:00:00',6),(2734,'2025-10-11','17:00:00',6);
/*!40000 ALTER TABLE `session` ENABLE KEYS */;
UNLOCK TABLES;
/*!40103 SET TIME_ZONE=@OLD_TIME_ZONE */;

/*!40101 SET SQL_MODE=@OLD_SQL_MODE */;
/*!40014 SET FOREIGN_KEY_CHECKS=@OLD_FOREIGN_KEY_CHECKS */;
/*!40014 SET UNIQUE_CHECKS=@OLD_UNIQUE_CHECKS */;
/*!40101 SET CHARACTER_SET_CLIENT=@OLD_CHARACTER_SET_CLIENT */;
/*!40101 SET CHARACTER_SET_RESULTS=@OLD_CHARACTER_SET_RESULTS */;
/*!40101 SET COLLATION_CONNECTION=@OLD_COLLATION_CONNECTION */;
/*!40111 SET SQL_NOTES=@OLD_SQL_NOTES */;

-- Dump completed on 2025-06-20 20:24:59
